{
  "best_model": "lightgbm",
  "test_shape": [
    37887,
    40
  ],
  "class_names": [
    "backdoor",
    "ddos",
    "dos",
    "injection",
    "normal",
    "password",
    "ransomware",
    "scanning",
    "xss"
  ],
  "best_model_test_metrics": {
    "accuracy": 0.9916858025180141,
    "f1_macro": 0.9905879864189511,
    "f1_weighted": 0.9916914034189124,
    "precision_macro": 0.9903302654741473,
    "recall_macro": 0.9908979202451058,
    "roc_auc_ovr_macro": 0.9999154005952123,
    "roc_auc_ovr_weighted": 0.9999262252064707,
    "top2_accuracy": 0.9980468234486763,
    "top3_accuracy": 0.9996040858341911,
    "pred_ms_per_sample": 0.03618937102542825,
    "proba_ms_per_sample": 0.03448007759925317
  }
}