scenario,removed_columns,remaining_feature_count,test_acc,test_f1_macro,test_f1_weighted,test_roc_auc_ovr_macro,delta_test_acc,delta_test_f1_macro
full_features,None,40,0.9903133000765434,0.9890575541806188,0.9903177343836111,0.9996474867450983,0.0,0.0
remove_conn_state,conn_state,39,0.9897062316889699,0.9883655023822328,0.9897140160584053,0.9993667494013962,-0.0006070683875735172,-0.0006920517983860508
remove_volume_features,"src_ip_bytes, src_bytes, dst_ip_bytes, dst_pkts, src_pkts, dst_bytes",34,0.9785942407686014,0.9762446658516768,0.9786019728286222,0.9987386837125247,-0.011719059307942037,-0.012812888328942007
remove_service_context,"src_port, dst_port, service, proto",36,0.978937366378969,0.9742380530630808,0.9789552432856025,0.9982727932326912,-0.011375933697574392,-0.014819501117538048
remove_core_top_features,"conn_state, src_ip_bytes, src_port, dst_port, duration, service",34,0.7845962995222636,0.73703333444056,0.7775732978656078,0.9649736787719844,-0.20571700055427977,-0.25202421974005884
